Survived,Pclass,Sex,Age,SibSp,Parch,Fare,Embarked
0,3,1,-0.5924805998028931,1,0,-0.5024451714361923,2
1,1,0,0.6387890120425208,1,0,0.7868452935884461,0
1,3,0,-0.2846631968415396,0,0,-0.4888542575852486,2
1,1,0,0.40792595982150565,1,0,0.4207302360686478,2
0,3,1,0.40792595982150565,0,0,-0.4863374216869257,2
0,3,1,0.0,0,0,-0.47811642890864375,1
0,1,1,1.8700586238879346,0,0,0.395813560675251,2
0,3,1,-2.1315676146096605,3,1,-0.22408312108167944,2
1,3,0,-0.20770884610120124,0,2,-0.4242561406845337,2
1,2,0,-1.2081154057256,1,0,-0.04295550208861426,0
1,3,0,-1.9776589131289837,1,1,-0.312172377522981,2
1,1,0,2.177876026849288,0,0,-0.11384570873513637,2
0,3,1,-0.7463893012835698,0,0,-0.4863374216869257,2
0,3,1,0.7157433627828591,1,5,-0.01870931177853076,2
0,3,0,-1.2081154057256,0,0,-0.4902797934380587,2
1,2,0,1.947012974628273,0,0,-0.3262666585535892,2
0,3,1,-2.1315676146096605,4,1,-0.06199888922968463,1
1,2,1,0.0,0,0,-0.3866707201133388,2
0,3,0,0.1001085568601522,1,0,-0.2859972841804228,2
1,3,0,0.0,0,0,-0.5029485386158568,0
0,2,1,0.40792595982150565,0,0,-0.12491978668775715,2
1,2,1,0.3309716090811673,0,0,-0.3866707201133388,2
1,3,0,-1.1311610549852615,0,0,-0.4867562231804066,1
1,1,1,-0.1307544953608629,0,0,0.06635974158478332,2
0,3,0,-1.6698415101676303,3,1,-0.22408312108167944,2
1,3,0,0.6387890120425208,1,5,-0.016444159470040135,2
0,3,1,0.0,0,0,-0.5029485386158568,0
0,1,1,-0.8233436520239081,3,2,4.647001076532463,2
1,3,0,0.0,0,0,-0.48977642625839407,1
0,3,1,0.0,0,0,-0.4894421904510968,2
0,1,1,0.7926977135231975,0,0,-0.09027201697708476,0
1,1,0,0.0,1,0,2.301728820789,0
1,3,0,0.0,0,0,-0.49237782784290063,1
0,2,1,2.793510832771995,0,0,-0.43700743807979686,2
0,1,1,-0.1307544953608629,1,0,1.0060617003323709,0
0,1,1,0.9466064150038742,1,0,0.39858208016340624,2
1,3,1,0.0,0,0,-0.5028639729296732,0
0,3,1,-0.6694349505432314,0,0,-0.4863374216869257,2
0,3,0,-0.9002980027642465,2,0,-0.2859972841804228,2
1,3,0,-1.2081154057256,1,0,-0.42207354059350805,0
0,3,0,0.7926977135231975,1,0,-0.4576454924460446,2
0,2,0,-0.20770884610120124,1,0,-0.22559322262067316,2
0,3,1,0.0,0,0,-0.4894421904510968,0
1,2,0,-2.054613263869322,1,2,0.18876253192945994,0
1,3,0,-0.8233436520239081,0,0,-0.48977642625839407,1
0,3,1,0.0,0,0,-0.4863374216869257,2
0,3,1,0.0,1,0,-0.3363340021468808,1
1,3,0,0.0,0,0,-0.49237782784290063,1
0,3,1,0.0,2,0,-0.21191774308354583,0
0,3,0,-0.9002980027642465,1,0,-0.29002422161773944,2
0,3,1,-1.7467958609079686,4,1,0.1506737441786005,2
0,3,1,-0.6694349505432314,0,0,-0.4913710934835715,2
1,1,0,1.4852868701862427,1,0,0.8964967865378598,0
1,2,0,-0.05380014462052453,1,0,-0.12491978668775715,2
0,1,1,2.7165564820316566,0,1,0.5995101505357573,0
1,1,1,0.0,0,0,0.06635974158478332,2
1,2,0,-0.6694349505432314,0,0,-0.43700743807979686,2
0,3,1,-0.0922773199906937,0,0,-0.5028639729296732,0
1,2,0,-1.9007045623886454,1,2,-0.08968408411123653,2
0,3,1,-1.4389784579466152,5,2,0.2958951755118318,2
0,3,1,-0.5924805998028931,0,0,-0.5028639729296732,0
1,1,0,0.6387890120425208,0,0,0.962353321387736,2
0,1,1,1.1774694672248893,1,0,1.0323213593611125,2
0,3,1,-1.9776589131289837,3,2,-0.08666388103324908,2
0,1,1,0.0,0,0,-0.09027201697708476,0
1,3,1,0.0,1,1,-0.3414522396297103,0
1,2,0,-0.05380014462052453,0,0,-0.43700743807979686,2
0,3,1,-0.8233436520239081,0,0,-0.4841568350646187,2
1,3,0,-0.977252353504585,4,2,-0.4888542575852486,2
0,3,1,-0.2846631968415396,2,0,-0.47400492578514347,2
0,2,1,0.17706290760049057,0,0,-0.43700743807979686,2
0,3,0,-1.0542067042449232,5,2,0.2958951755118318,2
0,2,1,-0.6694349505432314,0,0,0.8314778546749452,2
0,3,1,-0.2846631968415396,1,0,-0.3573908580066095,0
1,3,1,0.17706290760049057,0,0,0.48910360681684706,2
0,3,1,-0.361617547581878,0,0,-0.494391296561559,2
0,3,1,0.0,0,0,-0.4894421904510968,2
0,3,1,0.0,0,0,-0.4863374216869257,2
1,2,1,-2.2216042049758564,0,2,-0.06451572512800753,2
1,3,0,0.02315420611981384,0,0,-0.397241430886295,2
0,3,1,-0.5924805998028931,0,0,-0.46720946885967163,2
1,3,1,-0.05380014462052453,0,0,-0.45714212526638004,2
1,3,0,0.0,0,0,-0.49162277707340374,1
0,1,1,-0.1307544953608629,0,0,0.29992211294914856,2
1,2,0,-0.977252353504585,0,0,-0.43700743807979686,2
1,3,0,0.25401725834082894,3,0,-0.32928686163157667,2
0,3,1,-1.0542067042449232,1,3,0.04370821849987721,2
0,3,1,0.0,0,0,-0.4863374216869257,2
1,1,0,-0.5155262490625547,3,2,4.647001076532463,2
0,3,1,-0.4385718983222164,0,0,-0.4863374216869257,2
0,3,1,-0.05380014462052453,0,0,-0.4863374216869257,2
0,3,1,-0.7463893012835698,0,0,-0.4902797934380587,2
0,1,1,1.2544238179652276,1,0,0.5833178351003071,2
0,3,1,-0.2846631968415396,1,2,-0.23415046467497105,2
0,3,1,2.2548303775896263,0,0,-0.5024451714361923,2
0,3,1,0.0,0,0,-0.4863374216869257,2
0,1,1,3.1782825864736868,0,0,0.0493298231623713,0
1,1,1,-0.5155262490625547,0,1,0.6272778976347743,0
1,2,0,0.3309716090811673,0,1,-0.18532384824750675,2
0,2,1,0.3309716090811673,1,0,-0.12491978668775715,2
0,3,0,-0.1307544953608629,0,0,-0.4894421904510968,2
0,3,1,0.0,0,0,-0.4894421904510968,2
0,1,1,-0.6694349505432314,0,1,0.907737982394129,2
0,3,1,0.25401725834082894,0,0,-0.4741720436887921,2
0,3,1,0.5618346613021824,2,0,-0.4888542575852486,2
0,3,1,-0.1307544953608629,0,0,-0.4894421904510968,2
1,3,0,-0.6694349505432314,0,0,-0.494391296561559,2
1,3,1,0.0,0,0,-0.4918744606632361,2
0,3,1,0.6387890120425208,0,0,-0.4894421904510968,2
1,3,0,0.0,1,0,-0.1621689579829361,1
0,1,1,1.3313781687055661,0,0,0.39858208016340624,2
0,3,0,-1.169638230355431,1,0,-0.3573908580066095,0
0,3,1,-0.5924805998028931,0,0,-0.4863374216869257,2
0,3,0,-0.7463893012835698,1,0,-0.4505983519307405,2
0,3,0,-0.977252353504585,0,0,-0.3573083057891445,0
0,3,1,-0.6694349505432314,0,0,-0.4888542575852486,2
0,3,1,3.139805411103518,0,0,-0.49237782784290063,1
0,2,1,-0.05380014462052453,1,0,-0.22559322262067316,2
0,1,1,-0.4385718983222164,0,1,4.335332226633905,0
0,3,0,-2.1315676146096605,4,2,-0.01870931177853076,2
0,2,1,-0.6694349505432314,2,0,0.8314778546749452,2
0,3,1,0.0,0,0,-0.4863374216869257,2
0,2,1,0.21554008297065974,1,0,-0.04295550208861426,0
1,2,0,0.21554008297065974,0,0,-0.3866707201133388,2
0,1,1,1.8700586238879346,0,1,0.907737982394129,2
1,3,1,-1.3620241072062766,1,0,-0.42207354059350805,0
0,3,1,0.0,0,0,-0.49237782784290063,1
1,3,1,-0.4385718983222164,0,0,-0.5046257580584992,2
1,3,0,0.0,1,1,-0.19824427701513722,0
0,3,1,1.1774694672248893,0,0,-0.5079822104125026,2
0,3,1,0.25401725834082894,0,0,-0.4894421904510968,0
0,3,1,-0.7463893012835698,0,0,-0.5064721088735089,2
0,3,0,1.3313781687055661,1,0,-0.35646868933346404,2
1,2,0,-0.05380014462052453,1,0,-0.12491978668775715,2
0,2,1,-0.361617547581878,0,0,-0.3866707201133388,2
0,2,1,-0.5155262490625547,0,0,-0.3454791770670269,0
1,1,0,-0.8233436520239081,0,2,-0.11921562980779811,2
0,1,1,0.5618346613021824,1,0,0.4207302360686478,2
0,3,1,-1.0542067042449232,0,0,-0.4628462821463391,2
0,1,1,-0.4385718983222164,0,0,0.9462455716384695,0
0,3,0,0.0,0,2,-0.3414522396297103,0
1,3,0,-0.5924805998028931,0,0,-0.49237782784290063,2
1,3,0,-0.4385718983222164,1,0,-0.32928686163157667,2
0,3,1,-0.8233436520239081,0,0,-0.5125125150294839,1
0,2,1,-0.9002980027642465,0,0,-0.41687275089321363,2
0,2,1,-0.8233436520239081,1,1,0.09152810056801232,2
1,3,1,-0.20770884610120124,0,0,-0.49145565916975514,2
0,3,0,-1.5928871594272918,2,2,0.04370821849987721,2
0,2,1,0.5233574859320133,0,2,-0.12491978668775715,2
0,2,1,0.9466064150038742,0,0,-0.3866707201133388,2
0,2,1,1.6391955716669195,0,0,-0.39623469652696586,2
1,1,0,-0.5924805998028931,1,0,0.6925485130875209,2
0,3,1,1.985490149998442,0,0,-0.4863374216869257,2
0,3,1,0.8311748888933667,0,2,-0.35646868933346404,2
0,3,1,0.0,0,0,-0.5011867534870308,2
0,1,1,1.6391955716669195,0,1,0.5874293382238074,0
1,3,0,-1.0542067042449232,0,0,-0.49271407711891657,1
0,3,1,0.02315420611981384,0,0,-0.4863374216869257,2
0,3,1,0.0,0,0,-0.47400492578514347,2
0,3,1,0.0,8,2,0.7519458402879414,2
0,3,1,1.100515116484551,0,1,-0.32425318983493084,2
1,2,0,0.7926977135231975,0,0,-0.331300330350235,2
0,3,1,-0.2846631968415396,0,0,-0.4918744606632361,2
0,3,1,-0.977252353504585,0,0,-0.47400492578514347,2
0,3,1,-2.208521965349999,4,1,0.1506737441786005,2
1,3,1,-1.5928871594272918,0,2,-0.2351571990343002,2
1,1,0,0.0,0,1,0.4589861417231558,2
0,3,0,1.1774694672248893,1,4,-0.08666388103324908,2
0,1,1,0.0,0,0,-0.12642988822675086,2
0,3,1,-0.1307544953608629,0,0,0.48910360681684706,2
0,1,1,2.4087390790703034,0,0,0.026090367211616904,2
0,3,1,-1.9776589131289837,4,1,-0.06199888922968463,1
1,3,0,-2.208521965349999,1,1,-0.4242561406845337,2
0,3,1,-0.6694349505432314,0,0,-0.4888542575852486,2
0,1,1,2.0239673253686115,0,0,-0.030371322596999754,0
0,3,1,-0.9002980027642465,1,1,-0.4902797934380587,2
0,3,1,0.0,3,1,-0.13565761536436197,2
0,1,0,1.5622412209265812,0,0,-0.07030444769415023,0
0,2,1,0.02315420611981384,0,0,-0.3866707201133388,2
0,3,1,0.48488031056184405,0,0,-0.6484216535389205,2
0,3,0,0.0,8,2,0.7519458402879414,2
0,2,1,0.0,0,0,-0.34539461138084326,0
0,3,1,-1.5928871594272918,4,2,-0.016444159470040135,2
1,2,1,-2.208521965349999,2,1,0.13683114673782454,2
1,3,0,-1.9776589131289837,0,2,-0.20495516825442542,2
0,1,1,0.0,0,0,0.3583127057902398,2
1,3,0,0.0,1,0,-0.3363340021468808,1
1,1,1,1.1774694672248893,0,0,-0.11384570873513637,2
0,3,1,0.7926977135231975,1,1,-0.3363340021468808,1
0,3,1,0.48488031056184405,0,0,-0.4894421904510968,2
1,2,0,0.17706290760049057,0,0,-0.3866707201133388,2
0,2,1,-0.8233436520239081,0,0,-0.3866707201133388,2
1,3,0,-0.8233436520239081,1,0,-0.4902797934380587,2
1,2,1,-2.054613263869322,1,1,-0.12491978668775715,2
1,1,0,1.100515116484551,0,0,-0.09027201697708476,0
1,1,0,2.177876026849288,0,0,2.301728820789,0
0,3,1,0.0,0,0,-0.49237782784290063,1
0,3,1,0.9466064150038742,0,1,-0.47920571548543794,2
1,3,0,0.0,0,0,-0.49237782784290063,1
0,2,0,-0.4385718983222164,0,0,-0.3866707201133388,2
0,3,1,-0.1307544953608629,0,0,-0.45714212526638004,2
0,3,1,0.0,8,2,0.7519458402879414,2
0,3,1,0.3309716090811673,0,0,-0.5176307525123133,2
0,3,1,1.2159466425950585,0,0,-0.5029485386158568,0
1,3,1,-0.9002980027642465,0,0,-0.4863374216869257,2
0,3,0,-2.1315676146096605,0,1,-0.43776248884929375,2
0,3,1,0.17706290760049057,1,0,-0.32928686163157667,2
1,3,1,-0.2846631968415396,0,0,-0.2701412180209885,0
1,3,0,-1.0542067042449232,0,0,-0.49237782784290063,1
1,1,1,0.7926977135231975,0,0,-0.024246350754841113,0
0,3,1,-0.4385718983222164,0,0,-0.5064721088735089,2
1,2,0,0.40792595982150565,0,0,-0.22559322262067316,2
0,3,1,-0.5924805998028931,0,0,-0.5024451714361923,2
0,2,1,0.02315420611981384,0,0,-0.3866707201133388,2
0,3,1,0.0,1,0,-0.49237782784290063,1
1,1,0,0.1001085568601522,1,0,1.6323350375212924,0
1,3,0,-0.20770884610120124,0,0,-0.4888542575852486,2
0,2,1,0.9466064150038742,1,0,-0.10478509950117394,2
1,1,0,0.17706290760049057,0,0,0.8876878608937296,0
0,2,1,0.02315420611981384,0,0,-0.43700743807979686,2
1,3,1,-1.0542067042449232,0,0,-0.4863374216869257,2
0,2,1,-0.20770884610120124,0,0,-0.3866707201133388,2
0,3,1,1.6391955716669195,0,0,-0.4863374216869257,2
0,3,1,0.0,0,0,-0.4894421904510968,2
1,1,1,0.6387890120425208,1,0,1.163700193253568,2
0,3,1,-0.5924805998028931,0,0,-0.4601623283443675,2
1,2,1,-0.8233436520239081,0,0,-0.43700743807979686,2
0,3,1,-0.7079121259134006,0,0,-0.5024451714361923,2
0,2,1,-0.9002980027642465,0,0,-0.3866707201133388,2
0,3,0,0.0,3,1,-0.13565761536436197,2
1,1,0,0.40792595982150565,1,0,1.0323213593611125,2
0,3,1,-0.05380014462052453,0,0,-0.4918744606632361,2
0,2,1,2.2548303775896263,0,0,-0.3766033765200472,2
1,3,0,-1.9007045623886454,4,2,-0.016444159470040135,2
0,2,1,-0.4385718983222164,0,0,-0.43700743807979686,2
0,3,0,0.0,0,0,-0.49640476528021726,2
0,2,1,1.100515116484551,1,0,-0.12491978668775715,2
1,2,0,-1.6698415101676303,0,2,-0.11988611489111134,2
0,2,1,-0.8233436520239081,0,0,-0.43700743807979686,2
0,2,1,0.25401725834082894,0,0,-0.4012683683236117,2
0,3,0,0.0,1,0,-0.3573908580066095,0
1,3,0,0.0,1,0,-0.3363340021468808,1
0,2,1,-0.05380014462052453,0,0,-0.43700743807979686,2
0,3,1,-0.5924805998028931,0,0,-0.5049620073345151,2
0,3,1,0.02315420611981384,0,0,-0.5029485386158568,0
0,1,1,1.100515116484551,2,0,1.163700193253568,1
0,3,0,-0.361617547581878,0,0,-0.4918744606632361,2
1,2,0,-0.4385718983222164,0,2,-0.35646868933346404,2
1,1,1,0.5618346613021824,1,1,0.40974072380221066,2
0,2,1,1.8700586238879346,1,0,-0.12491978668775715,2
0,3,1,0.0,0,0,-0.5024451714361923,2
0,3,0,-0.05380014462052453,1,1,-0.43776248884929375,2
0,1,1,2.4856934298106417,0,0,-0.11384570873513637,2
0,3,1,0.02315420611981384,1,0,-0.32425318983493084,2
0,3,0,0.8696520642635358,0,2,-0.2414492887801075,2
1,3,0,-0.05380014462052453,0,2,-0.3414522396297103,0
1,1,0,0.0,0,0,0.9462455716384695,0
1,1,0,0.02315420611981384,0,0,1.093228788100527,2
1,1,0,0.40792595982150565,0,0,9.667166525013505,0
1,2,0,1.5622412209265812,0,1,-0.12491978668775715,2
0,3,1,0.0,0,0,-0.49237782784290063,1
1,3,1,-2.054613263869322,4,2,-0.016444159470040135,2
0,1,1,1.7161499224072578,1,1,0.955306180872432,2
0,1,1,0.7926977135231975,0,0,-0.6484216535389205,2
0,3,0,0.0,0,0,-0.49237782784290063,1
0,2,1,0.48488031056184405,0,0,-0.43700743807979686,2
0,3,1,-1.0542067042449232,4,1,0.1506737441786005,2
1,3,1,-0.361617547581878,1,0,-0.4918744606632361,2
1,1,0,2.177876026849288,0,1,2.441497778832105,2
1,1,0,0.40792595982150565,0,0,2.0825124140450755,2
0,1,1,0.0,0,0,-0.024246350754841113,2
1,3,1,-0.361617547581878,0,0,-0.6484216535389205,2
1,2,0,0.8696520642635358,0,1,-0.255795253400548,2
0,1,1,0.5618346613021824,0,1,-0.05042144409739929,0
1,3,0,0.0,0,0,-0.49237782784290063,1
1,1,0,2.56264778055098,1,0,0.921244330558889,2
0,3,0,1.1774694672248893,0,0,-0.49237782784290063,2
0,2,1,0.0,0,0,-0.6484216535389205,2
0,3,1,-1.7467958609079686,4,1,-0.06199888922968463,1
1,3,0,0.40792595982150565,1,1,-0.24069423801061057,2
0,3,1,2.7165564820316566,0,0,-0.49237782784290063,1
0,3,1,-0.1307544953608629,0,0,-0.4902797934380587,2
0,3,1,-1.0542067042449232,0,0,-0.45714212526638004,2
1,3,1,-0.8233436520239081,0,0,-0.4863374216869257,2
0,1,1,0.0,0,0,-0.12491978668775715,2
0,3,1,0.25401725834082894,0,0,-0.47400492578514347,0
1,3,1,0.02315420611981384,0,0,-0.45714212526638004,2
0,3,1,-0.5924805998028931,0,0,-0.4894421904510968,2
1,2,1,0.9466064150038742,0,0,-0.3866707201133388,2
1,3,0,-0.5924805998028931,0,0,-0.49237782784290063,1
1,1,0,-0.2846631968415396,0,0,0.9391984311231651,2
1,1,0,-0.8233436520239081,1,0,1.1854295476653287,0
0,2,1,0.48488031056184405,0,0,-0.3891875560116617,0
0,3,0,-0.4385718983222164,0,0,-0.4702296719376591,2
0,3,1,-0.4385718983222164,0,0,-0.4894421904510968,2
0,1,1,0.0,0,0,-0.09027201697708476,0
0,3,1,-0.47704907369238553,0,0,-0.5028639729296732,0
0,1,0,-2.1315676146096605,1,2,2.4029901895877646,2
1,1,1,0.0,0,0,-0.034313694348132716,2
1,1,0,1.5622412209265812,0,1,4.335332226633905,0
1,3,0,0.0,0,0,-0.49237782784290063,1
1,3,1,0.0,2,0,-0.18029017645086096,1
0,3,1,-0.8233436520239081,0,0,-0.6484216535389205,2
1,2,0,0.0,0,0,-0.3997582667846179,1
0,3,1,0.0,0,0,-0.4863374216869257,2
1,1,1,-2.214678313409226,1,2,2.4029901895877646,2
1,1,0,0.0,0,0,1.5841789061771412,0
1,1,0,-0.977252353504585,1,0,1.5442457810799908,0
0,2,1,0.02315420611981384,1,0,-0.16518916106092355,0
1,1,0,0.02315420611981384,0,0,0.49782998024351216,0
1,1,0,-0.4385718983222164,0,0,1.0259447039291216,0
1,1,0,-0.9002980027642465,2,2,4.634416897040849,0
0,2,0,-0.2846631968415396,1,1,-0.12491978668775715,2
0,3,1,-0.1307544953608629,0,0,-0.4894421904510968,2
0,2,1,1.0235607657442125,1,1,-0.11988611489111134,2
1,3,0,-0.2846631968415396,0,0,-0.4902797934380587,2
1,2,0,-0.4385718983222164,1,0,-0.12491978668775715,2
0,2,1,1.8700586238879346,0,0,-0.36653603292675563,2
1,1,0,0.1001085568601522,0,2,2.671117778445337,2
1,1,0,0.7926977135231975,1,1,2.059693773056521,0
0,3,1,-0.5924805998028931,0,0,-0.5024451714361923,2
0,3,1,-0.20770884610120124,0,0,-0.4894421904510968,2
1,2,0,0.02315420611981384,0,0,-0.3997582667846179,1
1,2,0,-0.5924805998028931,1,1,-0.06451572512800753,2
0,3,1,0.0,8,2,0.7519458402879414,2
1,1,0,0.48488031056184405,0,0,2.0825124140450755,0
0,3,1,2.4087390790703034,0,0,-0.5228315422126077,2
1,2,0,0.48488031056184405,0,0,-0.3866707201133388,2
1,3,0,0.1001085568601522,1,1,-0.2351571990343002,2
1,1,0,-1.0542067042449232,0,1,0.5189714017894245,0
1,3,0,0.0,2,0,-0.18029017645086096,1
0,1,1,1.2159466425950585,0,0,-0.07458306872129913,2
0,1,1,0.6387890120425208,0,1,2.441497778832105,2
0,3,1,-1.0542067042449232,2,0,-0.2859972841804228,2
1,1,0,0.0,1,0,2.042579288947925,2
0,3,1,0.0,0,0,-0.4894421904510968,2
0,1,1,-0.05380014462052453,1,0,0.6925485130875209,2
1,1,0,0.8696520642635358,0,0,2.059693773056521,0
1,3,1,1.1774694672248893,0,0,-0.4863374216869257,2
0,1,1,1.1774694672248893,0,0,0.06635974158478332,2
1,2,1,-2.1315676146096605,1,1,-0.12491978668775715,2
1,1,0,-0.4385718983222164,3,2,4.647001076532463,2
0,2,1,-0.1307544953608629,0,0,-0.3866707201133388,2
0,2,1,-0.361617547581878,0,0,-0.3866707201133388,2
0,2,1,0.48488031056184405,0,0,-0.3866707201133388,2
1,2,0,-0.4385718983222164,0,0,-0.3866707201133388,2
1,2,0,0.7926977135231975,0,0,-0.3866707201133388,2
1,3,0,0.0,1,0,-0.32425318983493084,2
1,3,1,-2.054613263869322,1,1,-0.32828012727224753,2
0,3,1,0.9466064150038742,0,0,-0.47400492578514347,2
0,3,1,-0.5155262490625547,0,0,-0.4626791642426904,2
0,1,1,0.0,0,0,0.05629239799149171,2
0,3,1,-1.1311610549852615,1,1,-0.5028639729296732,0
0,3,1,-0.361617547581878,1,0,-0.29002422161773944,2
0,3,1,0.0,0,0,-0.5029485386158568,0
0,3,1,-0.1307544953608629,0,0,-0.45714212526638004,2
1,1,0,-0.5924805998028931,0,1,0.4589861417231558,2
0,2,0,0.6387890120425208,0,0,-0.3866707201133388,2
1,3,0,0.0,0,0,-0.48977642625839407,1
1,3,0,0.0,0,0,-0.48977642625839407,1
0,3,1,0.7926977135231975,1,4,-0.08666388103324908,2
0,2,1,-0.05380014462052453,1,0,-0.09027201697708476,0
0,3,0,1.1774694672248893,0,1,-0.3573908580066095,0
0,3,1,0.40792595982150565,0,0,-0.5064721088735089,2
0,3,1,0.0,1,0,-0.3363340021468808,1
0,3,1,0.02315420611981384,0,0,-0.5024451714361923,2
1,1,0,2.3317847283299646,1,0,0.8667135572514657,0
1,3,0,0.0,0,0,-0.5028639729296732,0
1,3,0,0.0,0,0,-0.49237782784290063,1
1,1,0,-0.4385718983222164,0,0,0.7469121684912956,0
1,1,1,-0.361617547581878,1,0,0.4678796330534696,0
0,3,1,-0.9002980027642465,1,0,-0.5176307525123133,2
0,3,1,-0.8233436520239081,0,0,-0.4863374216869257,2
0,1,1,-0.5924805998028931,0,0,2.0825124140450755,0
0,3,0,-2.054613263869322,3,1,-0.22408312108167944,2
1,1,0,0.0,1,0,1.0060617003323709,0
1,3,0,-0.5924805998028931,0,0,-0.5024451714361923,2
0,1,1,-0.20770884610120124,0,2,3.610064686423428,0
0,3,1,-0.7463893012835698,0,0,-0.5676312212027554,0
0,3,1,-0.8233436520239081,0,0,-0.4918744606632361,2
1,1,0,0.9466064150038742,0,0,3.9327230485884233,0
1,3,0,-2.208521965349999,0,2,-0.33146744825388363,0
0,3,1,0.17706290760049057,0,0,-0.4888542575852486,2
1,1,0,0.40792595982150565,1,0,0.39858208016340624,2
0,3,1,0.0,0,0,-0.4894421904510968,2
0,2,1,-0.9002980027642465,0,0,0.8314778546749452,2
0,3,1,-2.208521965349999,5,2,0.2958951755118318,2
1,2,0,0.48488031056184405,0,0,-0.3866707201133388,2
0,3,1,0.0,0,0,-0.49279662933638163,1
1,2,0,-0.977252353504585,0,0,-0.40680540729992204,0
1,1,1,0.48488031056184405,1,2,1.7677408088510642,2
1,3,1,-0.6694349505432314,0,0,-0.49145565916975514,2
0,3,1,-0.1307544953608629,2,0,-0.4888542575852486,2
1,1,0,-0.5155262490625547,1,0,1.6323350375212924,0
1,3,0,-0.4385718983222164,0,2,-0.312172377522981,2
0,3,1,-0.5924805998028931,0,0,-0.49145565916975514,2
0,3,0,0.1001085568601522,0,0,-0.4902797934380587,2
0,2,1,1.2544238179652276,0,0,-0.12491978668775715,2
0,2,1,-0.5155262490625547,0,0,-0.43700743807979686,2
1,2,0,-0.1307544953608629,0,0,-0.393717860628643,2
1,3,1,0.7157433627828591,0,0,-0.4888542575852486,2
0,3,1,-0.2846631968415396,0,0,-0.4863374216869257,2
0,3,0,-0.6694349505432314,1,0,-0.4505983519307405,2
0,3,1,-0.1307544953608629,1,0,-0.32928686163157667,2
0,3,0,-0.7463893012835698,0,0,-0.47400492578514347,2
0,2,1,0.3309716090811673,1,0,-0.22559322262067316,2
0,3,1,1.6391955716669195,0,0,-0.49237782784290063,2
1,2,1,-2.054613263869322,1,1,-0.2708962687904854,2
0,3,1,-0.6694349505432314,0,0,-0.4918744606632361,2
0,3,0,0.0,3,1,-0.13565761536436197,2
0,3,1,0.0,0,0,-0.4894421904510968,2
0,3,1,0.0,0,0,-0.5103319284071769,1
1,1,0,0.25401725834082894,1,0,1.163700193253568,1
0,2,1,0.0,0,0,-0.6484216535389205,2
1,3,1,1.100515116484551,0,0,-0.4888542575852486,2
0,3,0,0.0,0,0,-0.4863374216869257,2
1,2,0,0.3309716090811673,1,1,0.005955680025033696,2
1,2,0,-0.9002980027642465,0,2,-0.3866707201133388,2
0,2,1,0.02315420611981384,0,0,-0.3866707201133388,2
0,3,0,-1.5159328086869535,0,2,-0.1621689579829361,2
0,3,1,0.0,0,0,-0.4894421904510968,0
0,3,1,-0.6694349505432314,0,0,-0.49271407711891657,1
0,3,1,-0.05380014462052453,0,0,-0.4898609919445778,2
0,3,0,-0.1307544953608629,1,1,-0.35848215805212236,2
0,3,1,-0.9002980027642465,1,1,-0.2414492887801075,2
0,3,1,0.0,0,0,-0.5024451714361923,2
1,2,0,-0.1307544953608629,1,0,-0.12491978668775715,2
1,2,0,-0.8233436520239081,0,0,-0.12491978668775715,2
0,3,1,0.0,0,0,-0.49237782784290063,1
1,3,1,0.17706290760049057,0,0,-0.4863374216869257,2
1,1,1,-0.1307544953608629,0,0,-0.11384570873513637,2
1,3,0,0.0,1,0,-0.32425318983493084,2
1,2,0,0.9466064150038742,1,0,-0.12491978668775715,2
0,3,1,-0.977252353504585,0,0,-0.5049620073345151,2
0,1,1,1.5622412209265812,1,0,0.4771073601910807,2
1,1,0,-1.2081154057256,1,2,1.7677408088510642,2
0,3,0,-0.6694349505432314,2,2,0.04370821849987721,2
1,2,0,-0.4385718983222164,2,3,-0.2708962687904854,2
0,1,1,2.6396021312913183,1,4,4.647001076532463,2
0,2,1,0.1001085568601522,0,0,-0.43700743807979686,2
1,2,0,1.1774694672248893,1,1,-0.11988611489111134,2
0,3,1,-0.7463893012835698,0,0,-0.45714212526638004,2
0,3,1,-0.361617547581878,1,0,-0.4918744606632361,2
1,2,0,-0.1307544953608629,0,0,-0.3866707201133388,2
1,3,1,0.0,0,0,-0.48507900373776425,2
1,1,1,-1.9776589131289837,0,2,0.9997696105865636,2
1,2,0,-1.2850697564659384,0,1,-0.255795253400548,2
1,1,1,0.3309716090811673,0,0,-0.11384570873513637,2
1,3,0,-1.9007045623886454,2,1,-0.26066180729354516,0
1,1,1,1.7161499224072578,0,0,-0.034313694348132716,2
0,2,1,0.48488031056184405,1,2,-0.08968408411123653,2
0,3,1,0.0,1,0,-0.2463983948905696,2
0,1,1,0.02315420611981384,0,0,-0.08968408411123653,0
1,1,1,1.4852868701862427,1,0,1.145663540471827,0
0,3,1,0.0,0,0,-0.4863374216869257,2
1,3,1,-0.05380014462052453,0,0,-0.4894421904510968,0
0,1,1,2.7165564820316566,0,0,-0.11384570873513637,2
1,1,0,0.0,1,0,0.395813560675251,2
1,2,0,1.5622412209265812,0,0,-0.43700743807979686,2
0,3,1,0.0,0,0,-0.49237782784290063,1
1,1,1,1.4083325194459044,0,0,-0.11384570873513637,2
0,3,1,0.3309716090811673,0,0,-0.4863374216869257,2
0,1,1,1.3313781687055661,0,0,0.12676380314453292,2
0,2,1,1.4083325194459044,0,0,-0.3866707201133388,2
0,3,1,0.0,0,0,-0.4863374216869257,2
0,3,1,0.6387890120425208,0,0,-0.5064721088735089,2
0,2,1,0.0,0,0,-0.6484216535389205,2
0,1,1,2.0239673253686115,0,0,-0.11384570873513637,2
0,3,1,0.0,0,0,-0.4928811950225652,1
1,3,0,-2.2277605530350835,2,1,-0.26066180729354516,0
0,3,1,0.0,0,0,-0.5024451714361923,2
0,3,1,0.6387890120425208,0,0,-0.47400492578514347,2
1,2,0,0.25401725834082894,1,2,-0.08968408411123653,2
1,2,0,-0.5155262490625547,0,0,-0.3707300882677209,0
0,3,0,-0.5924805998028931,0,0,-0.45034666834090825,2
0,1,1,0.0,0,0,0.39858208016340624,2
0,2,1,0.3309716090811673,1,0,-0.22559322262067316,2
0,3,1,-0.05380014462052453,1,0,-0.5065566745596926,2
0,3,1,-0.5924805998028931,0,0,-0.4969926981460655,2
1,3,0,-2.1315676146096605,0,1,-0.4010166847337793,2
0,3,1,-1.5928871594272918,5,2,0.2958951755118318,2
0,2,1,0.0,0,0,-0.6484216535389205,2
0,3,1,1.5622412209265812,0,0,-0.4863374216869257,2
1,3,0,2.56264778055098,0,0,-0.455380340137554,2
1,1,1,-0.361617547581878,1,0,1.1854295476653287,0
0,3,0,0.0,3,1,-0.13565761536436197,2
1,1,0,0.40792595982150565,1,0,1.163700193253568,2
0,1,1,2.177876026849288,0,0,-0.05042144409739929,0
0,3,1,0.02315420611981384,0,0,-0.4863374216869257,2
1,3,1,-1.5928871594272918,1,1,-0.32828012727224753,2
0,3,1,0.0,1,0,-0.2463983948905696,2
0,3,1,-0.6694349505432314,0,0,-0.5024451714361923,2
0,1,1,1.947012974628273,0,0,-0.034313694348132716,2
0,1,1,3.1782825864736868,0,0,0.3483299278831318,0
0,3,1,-0.6694349505432314,0,0,-0.4863374216869257,2
0,3,1,0.0,0,0,-0.3573083057891445,0
1,1,0,1.8700586238879346,1,0,0.9274538680872313,0
0,3,1,0.0,0,0,-0.3443878770215141,2
0,1,0,-0.361617547581878,1,2,2.4029901895877646,2
0,3,1,-0.4385718983222164,0,0,-0.49145565916975514,2
0,3,1,-0.977252353504585,0,0,-0.47400492578514347,2
0,3,0,-0.6694349505432314,0,0,-0.49237782784290063,1
0,3,0,0.0,0,0,-0.4948100980550399,1
0,3,0,0.5618346613021824,0,0,-0.455380340137554,2
1,1,0,-1.0542067042449232,0,0,1.093228788100527,2
0,1,1,-0.9002980027642465,1,0,1.5442457810799908,0
1,2,0,0.25401725834082894,0,2,-0.12491978668775715,2
1,1,1,0.0,0,0,-0.11384570873513637,2
0,3,1,-0.1307544953608629,0,0,-0.1948878246611338,2
1,3,1,-0.2846631968415396,0,0,0.48910360681684706,2
1,3,1,-0.05380014462052453,0,0,-0.49237782784290063,1
0,3,1,0.0,0,0,-0.4863374216869257,2
1,1,1,0.48488031056184405,0,0,-0.11913106412161445,2
1,1,0,1.8700586238879346,1,0,0.5475787653441219,0
0,3,1,-0.4385718983222164,0,0,-0.4974960653257301,2
0,1,1,1.3313781687055661,0,0,0.036576512298389464,2
1,2,0,0.3309716090811673,0,0,-0.43700743807979686,2
0,3,1,0.0,0,0,-0.1621689579829361,1
1,2,0,0.48488031056184405,1,0,-0.12491978668775715,2
0,3,1,0.17706290760049057,0,0,-0.4894421904510968,2
1,1,0,0.02315420611981384,0,0,1.2341715984066093,2
0,3,1,-0.5924805998028931,0,0,-0.4894421904510968,2
0,3,1,0.0,0,0,-0.5029485386158568,0
1,1,0,1.100515116484551,0,1,0.5189714017894245,0
0,3,1,0.0,0,0,-0.5028639729296732,0
0,3,1,0.8311748888933667,0,0,-0.49237782784290063,1
1,2,0,1.5622412209265812,0,0,-0.43700743807979686,2
0,1,1,0.0,0,0,3.817033162951754,2
0,3,1,0.7157433627828591,0,0,-0.4888542575852486,2
0,2,1,-0.5155262490625547,2,1,-0.41687275089321363,2
1,2,0,-2.1315676146096605,1,1,-0.12491978668775715,2
0,3,1,0.0,0,0,-0.5028639729296732,0
0,3,1,-0.977252353504585,1,1,-0.5028639729296732,0
1,3,0,0.0,0,2,-0.19824427701513722,0
0,3,0,0.02315420611981384,0,0,-0.47400492578514347,2
1,2,0,-1.7467958609079686,0,2,-0.11988611489111134,2
0,1,1,1.1774694672248893,0,0,-0.11384570873513637,2
1,1,0,0.02315420611981384,0,0,1.4944124302931971,0
0,3,1,0.0,0,0,-0.35646868933346404,2
1,1,0,-0.5924805998028931,0,2,0.3482453621969482,0
1,1,0,0.48488031056184405,0,2,0.7811411367084872,2
0,3,0,-1.5928871594272918,4,2,-0.01870931177853076,2
0,3,0,-1.4389784579466152,4,2,-0.01870931177853076,2
1,2,1,0.17706290760049057,1,0,-0.12491978668775715,2
0,1,1,1.5622412209265812,1,0,1.4944124302931971,0
0,1,1,2.6396021312913183,0,0,-0.12491978668775715,2
1,2,0,-0.8233436520239081,1,0,-0.12491978668775715,2
1,2,1,0.0,0,0,-0.3693045524149108,0
0,3,1,0.25401725834082894,1,1,-0.2351571990343002,2
1,2,1,-1.6698415101676303,1,1,0.09152810056801232,2
1,1,1,-0.977252353504585,0,2,1.5841789061771412,0
0,2,1,-0.20770884610120124,0,0,-0.12491978668775715,2
0,3,1,0.0,0,0,-0.49078316061772326,1
1,3,1,-0.5924805998028931,0,0,-0.5029485386158568,0
1,3,0,-0.5924805998028931,0,0,-0.4918744606632361,2
0,1,1,2.4856934298106417,0,0,-0.11384570873513637,2
1,1,0,1.4083325194459044,1,0,0.1489119590497745,0
0,1,1,0.0,0,0,3.9327230485884233,0
1,1,0,0.7157433627828591,1,1,0.955306180872432,2
1,3,0,0.48488031056184405,1,0,-0.29807809649237277,2
0,3,1,0.0,0,0,-0.49237782784290063,1
0,3,1,0.7926977135231975,0,0,-0.4894421904510968,2
0,2,1,-0.1307544953608629,0,0,-0.3766033765200472,2
0,3,1,0.0,0,0,-0.4863374216869257,2
0,3,0,0.0,0,0,-0.4863374216869257,2
0,3,1,-0.4385718983222164,2,0,-0.1621689579829361,2
0,3,1,-0.8233436520239081,0,0,-0.4894421904510968,2
0,3,0,-0.05380014462052453,0,4,-0.22408312108167944,2
0,3,1,0.0,0,0,-0.5028639729296732,0
1,3,1,0.17706290760049057,0,0,-0.4902797934380587,2
1,2,1,2.4856934298106417,0,0,-0.43700743807979686,2
1,1,0,1.7931042731475964,2,0,0.38809593507663365,2
1,1,1,0.48488031056184405,0,0,-0.11711759540295616,2
1,3,0,0.0,0,0,-0.49237782784290063,1
0,3,1,-1.0542067042449232,0,0,-0.4863374216869257,2
0,3,1,-0.8233436520239081,0,0,-0.35646868933346404,2
1,2,0,0.3309716090811673,0,0,-0.3866707201133388,2
1,1,0,0.7157433627828591,1,0,0.4771073601910807,2
0,3,0,0.0,1,0,-0.3573083057891445,0
1,3,1,0.17706290760049057,0,0,-0.4888542575852486,2
1,2,0,-0.361617547581878,1,1,-0.04438103794142432,2
1,1,0,0.7157433627828591,1,1,1.5841789061771412,0
0,2,1,1.8700586238879346,0,0,-0.12491978668775715,2
0,1,1,0.48488031056184405,0,0,0.15948266982273065,0
0,3,1,0.0,0,0,-0.47299819142581434,0
1,1,0,-0.9002980027642465,0,2,0.955306180872432,2
0,2,1,1.3313781687055661,0,0,-0.3464013457401724,2
1,1,1,2.3317847283299646,1,1,0.9462455716384695,0
0,3,1,-0.5924805998028931,0,0,-0.4863374216869257,2
0,3,1,0.0,0,0,-0.4863374216869257,2
0,3,1,0.40792595982150565,0,0,-0.5049620073345151,2
1,1,0,1.7161499224072578,1,0,0.9274538680872313,0
0,3,1,1.3313781687055661,0,0,-0.5024451714361923,2
0,3,0,0.0,0,2,-0.49237782784290063,1
0,2,1,0.5618346613021824,1,0,-0.12491978668775715,2
0,3,1,0.48488031056184405,1,1,-0.1621689579829361,2
1,2,0,0.0,0,0,0.016023023618325298,2
0,3,1,1.4852868701862427,0,0,-0.6484216535389205,2
0,3,1,0.0,0,0,-0.5029485386158568,0
1,1,1,1.4852868701862427,1,0,0.49782998024351216,0
1,2,0,-0.4385718983222164,2,1,-0.10478509950117394,2
0,3,1,0.0,0,0,-0.4894421904510968,2
0,1,1,0.0,0,0,0.2052890831722074,2
0,3,1,1.100515116484551,0,0,-0.4863374216869257,2
1,1,1,0.40792595982150565,0,0,-0.11384570873513637,0
0,3,1,0.48488031056184405,1,0,-0.3353272677875516,2
0,3,1,0.02315420611981384,0,0,-0.4894421904510968,2
1,1,1,-0.20770884610120124,0,0,-0.034313694348132716,2
1,2,0,-0.5924805998028931,1,2,0.18876253192945994,0
1,1,0,0.7926977135231975,0,0,2.441497778832105,2
0,3,0,0.7157433627828591,1,5,-0.01870931177853076,2
0,3,1,0.0,0,0,-0.5064721088735089,2
1,3,0,0.0,1,0,-0.3363340021468808,1
0,3,1,0.0,0,0,-0.49237782784290063,1
0,3,1,0.40792595982150565,0,0,-0.4863374216869257,2
1,2,0,-0.4385718983222164,1,2,0.6603330135889879,2
0,3,1,0.3309716090811673,1,1,-0.35848215805212236,2
0,3,0,-0.2846631968415396,1,0,-0.32425318983493084,2
1,2,0,-1.9776589131289837,2,1,0.13683114673782454,2
0,2,1,-0.2846631968415396,0,0,-0.43700743807979686,2
0,3,1,-0.20770884610120124,1,0,-0.3573908580066095,0
1,1,1,0.9466064150038742,1,0,0.40974072380221066,2
1,3,1,-0.7463893012835698,1,1,-0.33146744825388363,0
0,3,1,-0.6694349505432314,0,0,-0.4902797934380587,2
0,3,1,-0.6694349505432314,0,0,-0.32425318983493084,2
0,1,1,2.4087390790703034,0,0,0.002347544081197954,2
0,2,1,2.1009216761089498,0,0,-0.3997582667846179,1
1,1,0,-0.6694349505432314,0,0,0.921244330558889,2
0,3,1,-0.2846631968415396,0,0,-0.4894421904510968,2
0,3,1,0.0,0,0,-0.49271407711891657,1
1,1,1,3.8708717431367323,0,0,-0.04438103794142432,2
0,3,1,1.6391955716669195,0,0,-0.5063875431873253,2
1,1,1,0.17706290760049057,0,0,-0.034313694348132716,0
0,1,1,0.0,0,0,-0.6484216535389205,2
0,3,0,-1.5928871594272918,3,2,-0.08666388103324908,2
1,2,0,-0.1307544953608629,0,0,-0.3866707201133388,2
0,3,1,0.17706290760049057,0,0,-0.4888542575852486,2
0,2,1,0.1001085568601522,1,1,-0.11988611489111134,2
0,3,0,0.8696520642635358,0,5,0.1506737441786005,2
0,3,1,0.0,1,0,-0.32425318983493084,2
0,3,1,-0.7463893012835698,0,0,-0.4902797934380587,2
1,1,0,-0.4385718983222164,0,0,0.7469121684912956,0
0,3,0,-2.1315676146096605,3,2,-0.08666388103324908,2
1,3,1,0.0,0,0,0.48910360681684706,2
1,3,0,-2.2277605530350835,2,1,-0.26066180729354516,0
1,1,1,1.4083325194459044,1,0,0.8964967865378598,0
0,3,1,-0.8233436520239081,0,0,-0.4894421904510968,2
1,1,1,2.0239673253686115,0,0,0.06635974158478332,0
0,3,1,0.0,0,0,-0.49640476528021726,2
1,3,0,-0.5155262490625547,0,0,-0.49640476528021726,2
0,3,1,0.0,0,0,-0.4894421904510968,2
1,2,0,-0.9002980027642465,0,1,-0.18532384824750675,2
0,3,1,-0.6694349505432314,0,0,-0.47861979608830835,2
1,3,0,0.0,0,0,-0.49078316061772326,1
0,3,0,-0.9002980027642465,0,0,-0.5125125150294839,1
0,2,1,-0.4385718983222164,2,0,0.8314778546749452,2
0,3,1,0.0,0,0,-0.4894421904510968,2
0,3,0,0.17706290760049057,1,1,-0.3363340021468808,1
0,2,1,-0.5155262490625547,0,0,-0.3866707201133388,2
0,1,1,2.177876026849288,0,2,1.6323350375212924,0
1,1,1,1.5622412209265812,2,0,2.042579288947925,2
0,3,1,0.7926977135231975,0,0,-0.5029485386158568,0
0,1,1,1.3313781687055661,0,0,-0.13322534515222276,2
0,3,1,0.48488031056184405,0,0,-0.4974960653257301,2
1,3,1,-0.7463893012835698,1,0,-0.4888542575852486,2
0,2,1,0.17706290760049057,2,0,0.8314778546749452,2
0,2,1,-0.361617547581878,0,0,-0.3866707201133388,2
0,3,1,0.0,0,0,-0.4918744606632361,2
0,3,1,1.0235607657442125,0,0,-0.4863374216869257,2
1,1,0,0.0,1,0,0.39858208016340624,2
1,2,0,0.7926977135231975,1,1,0.13683114673782454,2
0,1,1,0.1001085568601522,1,0,0.39858208016340624,2
0,2,1,3.1013282357333485,0,0,-0.43700743807979686,2
1,2,1,0.1001085568601522,0,0,-0.3866707201133388,2
0,2,1,0.0,0,0,-0.6484216535389205,2
0,3,1,-0.9002980027642465,0,0,-0.4918744606632361,2
0,3,1,-0.4000947229520472,0,0,-0.4863374216869257,2
1,3,0,-0.9002980027642465,0,0,-0.45026210265472455,2
0,3,0,1.0235607657442125,1,6,0.2958951755118318,2
1,1,1,0.48488031056184405,0,1,9.667166525013505,0
0,3,0,0.0,0,0,-0.48457563655809965,1
1,1,1,-0.20770884610120124,0,0,0.8964967865378598,0
0,3,1,-0.7463893012835698,0,0,-0.4626791642426904,2
0,3,1,-1.2081154057256,5,2,0.2958951755118318,2
0,2,1,2.3317847283299646,1,1,0.13683114673782454,2
0,2,1,-0.361617547581878,1,2,0.18876253192945994,0
0,3,1,-1.2081154057256,4,1,0.1506737441786005,2
0,3,1,-0.8233436520239081,0,0,-0.44363577710162005,2
0,3,1,-0.9002980027642465,0,0,-0.49145565916975514,2
1,1,0,-1.1311610549852615,0,1,3.6067927997556075,2
1,1,1,0.1001085568601522,1,0,0.49925551609632224,2
1,3,0,-1.9776589131289837,0,1,-0.37828059596268965,0
1,3,1,0.0,0,0,0.48910360681684706,2
0,3,1,-0.361617547581878,0,0,-0.5029485386158568,0
0,1,1,2.3317847283299646,0,0,-0.11384570873513637,2
0,2,1,1.7161499224072578,0,0,-0.3766033765200472,2
0,3,1,1.100515116484551,0,0,-0.4863374216869257,2
1,3,0,0.0,0,0,-0.49271407711891657,1
0,1,1,1.4852868701862427,1,1,1.5841789061771412,0
0,3,1,0.9466064150038742,0,0,-0.494391296561559,2
1,1,0,-0.9002980027642465,1,0,3.9327230485884233,0
1,1,1,0.40792595982150565,0,0,-0.11913106412161445,2
0,3,0,-0.9002980027642465,0,1,-0.3573908580066095,0
0,3,1,-0.361617547581878,0,0,-0.4925449457465493,1
0,3,1,-0.2846631968415396,1,0,-0.4902797934380587,2
0,2,1,0.7157433627828591,0,0,-0.12491978668775715,2
1,2,0,1.1774694672248893,0,0,-0.3766033765200472,2
1,1,1,0.9466064150038742,0,0,-0.11913106412161445,2
1,1,0,-0.5924805998028931,0,0,2.4029901895877646,2
1,3,1,0.0,1,1,-0.3414522396297103,0
1,1,0,-0.4385718983222164,0,0,0.3483299278831318,0
0,1,1,0.0,0,0,-0.11384570873513637,2
1,1,1,1.4083325194459044,1,0,0.39858208016340624,2
0,3,1,-0.05380014462052453,0,0,-0.457478374542396,2
0,2,1,1.7161499224072578,0,0,-0.3866707201133388,2
0,3,1,-0.8233436520239081,0,0,-0.494391296561559,2
1,1,0,0.6387890120425208,0,0,3.9327230485884233,0
1,2,0,-0.20770884610120124,0,0,-0.43700743807979686,2
0,3,1,0.0,0,0,-0.3363340021468808,1
0,3,1,0.25401725834082894,0,0,-0.4918744606632361,2
1,2,0,-1.8237502116483069,0,1,0.016023023618325298,2
0,3,1,-0.977252353504585,1,0,-0.5063875431873253,2
0,2,1,0.3309716090811673,0,0,-0.3866707201133388,2
0,2,1,1.5622412209265812,0,0,-0.3866707201133388,2
1,1,1,-0.20770884610120124,1,0,0.4207302360686478,2
0,3,1,-0.7463893012835698,0,0,-0.47400492578514347,2
1,2,0,0.02315420611981384,3,0,-0.22559322262067316,2
1,3,0,0.0,0,0,-0.4926295114327329,1
0,2,1,-0.361617547581878,1,0,-0.12491978668775715,2
0,3,0,-0.361617547581878,1,0,-0.4888542575852486,2
1,1,0,-0.05380014462052453,0,0,3.6067927997556075,2
0,3,1,-1.4389784579466152,0,0,-0.2701412180209885,0
0,2,1,0.0,0,0,-0.6484216535389205,2
0,2,1,-0.5155262490625547,0,0,-0.3866707201133388,2
0,2,1,-0.5155262490625547,0,0,-0.3866707201133388,2
0,3,1,-0.0922773199906937,0,0,-0.32425318983493084,2
0,3,0,1.4083325194459044,1,3,0.04370821849987721,2
1,1,1,0.40792595982150565,0,0,9.667166525013505,0
0,3,1,0.0,0,0,-0.4894421904510968,2
0,3,1,0.0,0,0,-0.4894421904510968,2
1,1,1,0.0,0,0,-0.04438103794142432,2
0,1,1,0.48488031056184405,1,0,0.9391984311231651,2
1,1,0,-0.6694349505432314,2,2,4.634416897040849,0
0,3,1,-0.4385718983222164,1,0,-0.32425318983493084,2
1,3,1,0.1001085568601522,0,0,-0.4888542575852486,2
0,1,1,3.1013282357333485,1,1,0.7811411367084872,2
0,3,1,-1.0542067042449232,1,1,-0.24069423801061057,2
1,2,0,0.02315420611981384,0,0,-0.3866707201133388,2
0,1,1,-0.8233436520239081,1,0,0.4207302360686478,2
0,3,1,0.1001085568601522,0,0,-0.49237782784290063,1
1,2,0,-1.9776589131289837,1,1,-0.18532384824750675,2
1,3,1,-1.8237502116483069,0,1,-0.397241430886295,2
0,3,1,0.25401725834082894,0,0,-0.45714212526638004,2
0,3,1,-0.5155262490625547,0,0,-0.4894421904510968,2
1,2,0,1.4083325194459044,1,2,0.6603330135889879,2
1,2,1,-2.23391690109431,1,1,-0.35646868933346404,2
0,3,1,-0.1307544953608629,0,0,-0.49145565916975514,2
0,2,1,-0.9002980027642465,0,0,-0.41687275089321363,2
0,3,1,0.3309716090811673,0,0,-0.4863374216869257,2
1,1,0,0.25401725834082894,0,0,1.093228788100527,2
0,3,1,0.0,0,0,-0.35646868933346404,2
0,3,1,0.8696520642635358,0,0,-0.5049620073345151,2
1,3,1,-0.7463893012835698,0,0,-0.5028639729296732,0
1,1,0,0.48488031056184405,1,2,1.7677408088510642,2
0,3,1,-1.0542067042449232,0,0,-0.4918744606632361,2
1,1,0,1.6391955716669195,1,0,0.921244330558889,2
0,1,1,0.0,0,0,0.1489119590497745,0
0,3,0,0.061631381489983025,0,0,-0.49237782784290063,1
0,3,1,0.0,1,0,-0.1621689579829361,1
0,3,1,0.17706290760049057,0,0,-0.4800453319411184,2
0,3,1,-0.4385718983222164,0,0,-0.45714212526638004,2
0,3,1,1.4083325194459044,0,0,-0.4902797934380587,2
0,2,0,2.1009216761089498,0,0,-0.43700743807979686,2
0,3,1,0.0,0,0,-0.5029485386158568,0
1,2,0,1.8700586238879346,1,3,-0.18532384824750675,2
0,3,1,-0.9002980027642465,0,0,-0.49237782784290063,2
0,3,1,0.0,0,0,-0.49237782784290063,1
1,3,0,-1.9007045623886454,0,0,-0.397241430886295,2
0,3,1,0.0,0,0,-0.4926295114327329,1
1,1,0,1.0235607657442125,0,1,3.6067927997556075,2
1,3,0,-1.2850697564659384,0,0,-0.5028639729296732,0
1,1,0,-0.977252353504585,1,0,0.49925551609632224,2
0,1,1,-0.05380014462052453,0,0,-0.04438103794142432,2
0,3,1,0.0,1,2,-0.17626323901354432,2
0,3,1,-0.361617547581878,0,0,-0.5064721088735089,2
0,3,1,-0.361617547581878,0,0,-0.5024451714361923,2
1,3,0,-0.9002980027642465,0,0,-0.4974960653257301,2
0,3,1,-1.6698415101676303,4,1,-0.06199888922968463,1
1,3,1,-2.208521965349999,1,2,-0.23415046467497105,2
0,1,1,1.2544238179652276,0,0,0.9462455716384695,0
0,3,1,0.0,0,0,-0.49237782784290063,1
0,2,1,-1.0542067042449232,0,0,-0.12491978668775715,2
0,3,0,0.0,8,2,0.7519458402879414,2
0,1,1,0.0,0,0,-0.030371322596999754,0
0,3,1,-0.361617547581878,0,0,-0.4894421904510968,2
0,2,1,0.7157433627828591,0,0,-0.3866707201133388,2
1,1,0,1.4852868701862427,0,0,-0.1263453225405672,2
1,3,0,0.1001085568601522,0,0,-0.4735861242916626,2
0,3,1,0.02315420611981384,0,0,-0.5028639729296732,0
0,3,0,0.02315420611981384,1,1,-0.1621689579829361,2
0,2,1,0.3309716090811673,0,0,-0.3866707201133388,2
1,2,0,0.1001085568601522,1,1,-0.11988611489111134,2
1,1,1,-1.4389784579466152,1,2,1.7677408088510642,2
1,3,1,-2.2531554887793948,0,1,-0.47694056317694733,0
1,3,1,-0.20770884610120124,0,0,-0.5079822104125026,2
0,3,1,0.1001085568601522,0,0,-0.4918744606632361,2
0,1,1,0.7157433627828591,0,0,-0.6484216535389205,2
0,3,0,-0.9002980027642465,0,0,-0.4918744606632361,2
0,2,1,0.7157433627828591,0,0,-0.3866707201133388,2
1,1,0,0.25401725834082894,1,0,0.4207302360686478,2
0,3,1,-0.2846631968415396,0,0,-0.4896093083547455,2
0,3,1,0.7157433627828591,0,0,-0.1621689579829361,2
0,2,1,0.40792595982150565,0,0,-0.43700743807979686,2
0,3,0,-1.8237502116483069,4,2,-0.01870931177853076,2
0,3,1,0.061631381489983025,0,0,-0.4863374216869257,2
0,1,1,0.0,0,0,-0.6484216535389205,2
0,3,0,-0.5155262490625547,0,0,-0.4888542575852486,2
0,2,1,0.1001085568601522,1,1,0.09664633805084172,0
0,3,1,1.0235607657442125,0,0,-0.5185529211854588,2
0,3,1,-1.5159328086869535,3,2,-0.08666388103324908,2
1,1,0,1.7161499224072578,1,1,1.2341715984066093,2
1,3,1,-0.20770884610120124,0,0,-0.47400492578514347,2
0,1,1,0.6387890120425208,0,0,-0.6484216535389205,2
1,3,0,-0.20770884610120124,0,1,-0.397241430886295,2
0,3,1,-2.1315676146096605,4,1,0.1506737441786005,2
0,3,1,0.0,0,0,-0.5084855775921673,1
0,3,1,0.0,0,0,0.48910360681684706,2
1,2,1,-2.208521965349999,0,2,0.09664633805084172,0
1,3,1,0.0,0,0,-0.49237782784290063,1
1,1,0,2.4856934298106417,0,0,0.962353321387736,2
1,3,0,-1.1311610549852615,1,0,-0.3573908580066095,0
1,2,1,-2.2216042049758564,1,1,-0.2708962687904854,2
0,3,1,0.0,0,0,-0.5028639729296732,0
0,3,1,-0.5155262490625547,0,0,-0.4902797934380587,2
0,3,1,-0.9002980027642465,0,0,-0.48130374989027985,2
1,1,0,0.7157433627828591,1,1,1.0259447039291216,0
0,3,1,-0.6694349505432314,0,0,-0.47400492578514347,2
0,3,1,0.0,0,0,-0.4863374216869257,2
1,3,1,0.17706290760049057,0,0,0.48910360681684706,2
1,1,1,0.0,0,0,-0.05042144409739929,0
0,3,1,-0.7463893012835698,0,0,-0.4888542575852486,2
0,2,1,-1.0542067042449232,0,0,-0.43700743807979686,2
1,1,0,0.02315420611981384,0,0,-0.024246350754841113,0
0,3,1,0.3694487844513365,0,0,-0.5188046047752911,0
0,3,1,-0.977252353504585,0,0,-0.47400492578514347,2
0,3,1,0.9466064150038742,0,0,-0.49640476528021726,2
0,3,1,0.0,8,2,0.7519458402879414,2
0,3,1,0.40792595982150565,0,0,-0.4894421904510968,0
0,2,1,-0.1307544953608629,0,1,0.016023023618325298,2
1,1,0,0.0,1,0,1.145663540471827,0
0,3,1,-1.9776589131289837,4,2,-0.01870931177853076,2
0,3,1,3.409145638694702,0,0,-0.4918744606632361,2
0,3,0,-1.5928871594272918,1,1,-0.3414522396297103,0
1,1,0,-1.0542067042449232,0,1,0.14488502161245778,2
0,2,0,1.100515116484551,1,0,-0.12491978668775715,2
1,3,0,-0.9002980027642465,0,1,-0.4601623283443675,2
1,1,0,1.1774694672248893,1,1,2.671117778445337,2
1,1,1,1.6391955716669195,0,0,-0.11384570873513637,2
1,3,0,-0.4385718983222164,0,3,-0.26066180729354516,0
0,3,1,0.0,0,0,-0.5028639729296732,0
0,3,1,0.8696520642635358,2,0,-0.36435544630444866,2
0,2,1,-0.6694349505432314,1,0,-0.41687275089321363,2
1,1,0,1.4083325194459044,0,0,-0.1263453225405672,2
0,3,0,0.0,8,2,0.7519458402879414,2
0,2,1,-0.4385718983222164,0,0,-0.3866707201133388,2
1,2,0,0.9466064150038742,0,0,-0.3866707201133388,2
1,2,0,-0.20770884610120124,1,0,-0.3693891181010945,0
0,1,1,0.1001085568601522,0,0,0.3682954836973478,2
0,3,1,0.0,0,0,-0.45714212526638004,2
1,3,1,-1.9776589131289837,1,1,-0.4242561406845337,2
0,3,1,-0.2846631968415396,0,0,-0.4894421904510968,2
1,1,0,1.3313781687055661,1,1,0.40974072380221066,2
0,1,1,0.25401725834082894,0,0,-0.5477482176060045,2
0,3,1,1.3313781687055661,0,0,-0.46720946885967163,2
1,2,0,-0.1307544953608629,1,0,-0.16518916106092355,0
1,3,0,-1.1311610549852615,0,0,-0.5029485386158568,0
0,3,1,-0.7463893012835698,0,0,-0.45017955043725955,2
0,3,1,-0.8233436520239081,0,0,-0.4894421904510968,2
0,3,1,0.0,0,0,-0.4894421904510968,2
1,1,0,2.0239673253686115,0,1,1.0259447039291216,0
1,2,0,-0.361617547581878,0,1,-0.12491978668775715,2
0,3,1,0.25401725834082894,0,0,-0.4894421904510968,2
0,3,0,-0.5924805998028931,0,0,-0.4366711888037809,2
0,2,1,-0.1307544953608629,0,0,-0.43700743807979686,2
0,3,1,-0.361617547581878,0,0,-0.5064721088735089,2
0,3,0,0.7157433627828591,0,5,-0.06199888922968463,1
0,2,1,-0.20770884610120124,0,0,-0.3866707201133388,2
1,1,0,-0.8233436520239081,0,0,-0.04438103794142432,2
0,3,0,0.0,1,2,-0.17626323901354432,2
1,1,1,-0.2846631968415396,0,0,-0.04438103794142432,0
0,3,1,0.17706290760049057,0,0,-0.49237782784290063,1
